query_name,query_md5,match_name,match_md5,containment,max_containment,jaccard,intersect_hashes,ksize,scaled,moltype
,1ccef294f94681ccfd9b6607e63b6722,GCF_018918345.1_genomic,9d84e0b2eb5d90f664b654f13a2aef29,0.0003824091778202677,0.0003824091778202677,0.00018867924528301886,1.0,31,1000,DNA
,1ccef294f94681ccfd9b6607e63b6722,GCF_018918125.1_genomic,edae5a106ab82f132c4c7cf5536bfe41,0.12007648183556405,0.12007648183556405,0.05417529330572809,314.0,31,1000,DNA
,1ccef294f94681ccfd9b6607e63b6722,GCF_018918285.1_genomic,132a0d9d6d1d4f66301f5de0e499468b,0.0003824091778202677,0.0003824091778202677,0.00015060240963855423,1.0,31,1000,DNA
,1ccef294f94681ccfd9b6607e63b6722,GCF_018918185.1_genomic,750782e7ba508a7bc87995ff151515ee,0.05965583173996176,0.05965583173996176,0.029484029484029485,156.0,31,1000,DNA
,1ccef294f94681ccfd9b6607e63b6722,GCF_907163115.1_genomic,9f3b4f127d25efacbbbb58dab23a335e,0.0003824091778202677,0.0003824091778202677,0.0001405678942929435,1.0,31,1000,DNA
,1ccef294f94681ccfd9b6607e63b6722,GCF_018918045.1_genomic,0a8410aea42152d7fdb0bd2c3c331c93,0.19235181644359464,0.20513866231647634,0.11021034180543383,503.0,31,1000,DNA
,1ccef294f94681ccfd9b6607e63b6722,GCF_018918095.1_genomic,ba006926b93d8bfd07ed3cbd42cc85c3,0.2118546845124283,0.2118546845124283,0.10927021696252466,554.0,31,1000,DNA
,1ccef294f94681ccfd9b6607e63b6722,GCF_018918235.1_genomic,ef943178426401f123bc8d17e0d3ecb5,0.30478011472275335,0.3436826218197499,0.19265167996132462,797.0,31,1000,DNA
